aishwarya rai delivery,Breakout
aishwarya rai 2011,Breakout
ashworth college,Breakout
aishwarya rai baby,+3,150%
aishwarya rai twins,+3,100%
veena malik,+2,900%
aishwarya rai oscars,+1,300%
ais,+850%
priya anand,+750%
aishwariya rai baby,+650%
ashwariya rai baby,+650%
aishwarya rai pregnancy,+650%
kate middleton,+550%
aisha tyler,+550%
ashwagandha,+500%
rai motorsport,+450%
aishwarya rai daughter,+400%
aishwarya rai news,+300%
ashley furniture,+250%
bo rai cho,+250%
rediff,+200%
rainbow,+200%
anushka sharma,+200%
aishwarya pregnant,+160%
vinod rai,+160%
