dell 10v,Breakout
dell mini 10v,Breakout
dell inspiron 1545,Breakout
dell 1545,Breakout
dell zino,Breakout
dell 2209wa,Breakout
dell studio 1555,Breakout
dell mini 10,Breakout
dell u2410,Breakout
dell windows 7,+4,600%
dell xps 16,+3,850%
dell adamo xps,+2,800%
dell adamo review,+2,400%
dell studio 1737,+2,150%
dell optiplex 760,+1,850%
dell adamo,+1,750%
dell vostro 1320,+1,650%
dell vostro 1520,+1,600%
dell latitude 2100,+1,250%
dell inspiron 15,+1,100%
dell studio xps,+850%
dell netbooks,+650%
jenny dell,+600%
dell netbook,+600%
netbook,+550%
