skeleton jack,Breakout
wow heroes,+2,050%
best dk spec,+1,500%
dk specs,+1,500%
dk dps build,+1,300%
dk frost dps,+1,000%
dk dps,+950%
dk dps gear,+850%
dps 2009,+750%
dk dps rotation,+750%
death knight macros,+600%
frost dps rotation,+550%
ret pally rotation,+450%
blood dps rotation,+450%
death knight glyphs,+450%
death knight gear,+400%
unholy dps spec,+400%
blood dps spec,+400%
wow heros,+350%
unholy dps,+350%
blood dps,+300%
unholy dps rotation,+250%
frost dps,+250%
dps death knight,+250%
death knight,+250%
