kandi burruss,Breakout
jason woo,Breakout
isabel toledo,Breakout
jason wu obama,Breakout
closet freak,+4,800%
designer jason wu,+3,950%
chamber music,+2,850%
michelle obama,+2,100%
michelle obama dress,+2,050%
wu ooh,+2,050%
jason wu dresses,+1,150%
jason wu,+1,100%
raekwon new wu,+750%
empress wu hosta,+500%
jason wu fashion,+450%
she by sheree,+450%
tao of wu,+450%
wu massacre,+350%
wu man pipa,+350%
van ness wu,+300%
calista wu,+300%
wu chun girlfriend,+300%
michelle wu,+250%
wendy wu 2,+250%
raekwon,+200%
