paula patton,Breakout
paula patton svu,Breakout
melissa sagemiller,Breakout
sarah paulson,Breakout
ann margaret,Breakout
joan cusack,Breakout
bailee madison,Breakout
channel 131,+4,550%
ch131,+3,700%
sharon stone,+3,400%
sharon stone svu,+3,300%
kathy griffin svu,+1,950%
svu season 12,+1,850%
kathy griffin,+1,750%
jennifer love hewitt,+500%
svu shadow,+400%
maria bello,+400%
naveen andrews,+300%
casttv,+250%
megavideo,+150%
tamara tunie,+130%
dean winters,+90%
the good wife,+80%
sidereel,+80%
chris meloni,+70%
