tgt three kings,Breakout
three kings,Breakout
tgt 3 kings,Breakout
3 kings,Breakout
tgt explode,Breakout
tgt fyh,Breakout
tgt weekend love,Breakout
tgt omg,Breakout
tgt no fun,Breakout
fyh tgt lyrics,Breakout
tgt running back,Breakout
tgt album sales,Breakout
tgt omg lyrics,Breakout
tgt album cover,Breakout
tgt explode lyrics,Breakout
tgt concert dallas,Breakout
tgt i need,Breakout
mmm,Breakout
tgt mp3 download,+4,050%
tgt album download,+4,050%
pgh,+2,500%
tgt mp3,+2,300%
tgt download,+2,150%
tgt lyrics,+1,400%
tgt new album,+1,350%
