owl,Breakout
footnotes,Breakout
apa format examples,Breakout
apa footnotes,Breakout
apa headings,Breakout
apa format citations,Breakout
apa format guide,Breakout
apa style wizard,Breakout
apa.org,Breakout
apa fomat,+2,950%
citations,+400%
apa reference style,+350%
apa citations,+300%
citing apa style,+300%
apa format bibliography,+250%
apa reference page,+250%
apa citing,+250%
apa citation,+250%
bibliography apa,+200%
mla format,+200%
apa works cited,+200%
bibliography,+200%
apa reference,+200%
apa style paper,+190%
apa website,+180%
