ibm t410,Breakout
ibm columbia mo,Breakout
ibm pension 2010,Breakout
ibm pension rumors,Breakout
ibm lender,+4,300%
ibm lbps,+3,250%
ibm retirement rumors,+3,050%
ibm layoffs 2010,+2,800%
ibm iod 2010,+1,400%
sterling commerce ibm,+1,050%
ibm netezza,+900%
ibm impact 2010,+700%
ibm sonas,+450%
ibm sterling,+400%
ibm power 7,+350%
ibm ex5,+350%
ibm power7,+300%
ibm pension,+250%
ibm jeopardy,+250%
ibm pulse 2010,+250%
ibm net benefits,+190%
ibm mortgage,+170%
ibm doors,+160%
ibm ilog,+130%
ibm retiree benefits,+130%
