fantasy factory,Breakout
chanel fantasy factory,Breakout
chanel aka cc,+4,050%
2010 volkswagen cc,+2,300%
2010 vw cc,+1,500%
sch√ºler cc,+850%
volkswagen cc sport,+800%
tiny cc,+600%
vw cc review,+550%
volkwagon cc,+500%
volkswagen cc review,+500%
adidas cc genius,+450%
vw cc sport,+350%
cc volkswagen,+350%
volkswagen,+350%
vw cc reviews,+300%
volkswagen cc price,+300%
volkswagon,+300%
cc sabathia contract,+300%
volkwagen cc,+250%
email cc means,+250%
volkswagon cc,+250%
vw cc coupe,+250%
cc sabathia bio,+200%
vw cc forum,+180%
