planet earth,Breakout
planet earth hd,Breakout
hd 2600 xt,Breakout
hd 3870,Breakout
planet earth dvd,Breakout
dvdfab hd decrypter,Breakout
radeon hd 3870,Breakout
hd 2600,+4,900%
super stardust hd,+4,850%
street fighter hd,+3,850%
alien hominid hd,+3,150%
dvdfab hd,+2,300%
aiptek hd,+2,250%
transformers hd dvd,+2,250%
xbox 360 elite,+2,200%
visiontek,+1,750%
anydvd hd,+1,600%
wipeout hd,+1,600%
anydvd,+1,450%
hd homerun,+1,200%
300 hd dvd,+850%
mojo hd,+750%
hd vmd,+700%
hd digest,+550%
transformers hd trailer,+550%
