terraria mac,+3,850%
mac mini 2011,+3,000%
mac lion,+2,400%
mac osx lion,+2,350%
mac miller quotes,+2,300%
mac os lion,+1,800%
mac miller shirts,+1,450%
mac miller tickets,+1,400%
mac miller concert,+1,150%
mac miller tour,+1,100%
mac miller,+1,000%
manroulette mac,+800%
mac miller lyrics,+750%
mac defender,+750%
mac miller twitter,+700%
mac app store,+700%
fleetwood mac rumors,+350%
mac keeper,+350%
mac miller wiki,+350%
oovoo for mac,+250%
mac lethal,+180%
mac miller kids,+180%
mac screen shot,+110%
ibooks for mac,+100%
mac and cheese,+40%
