love sosa,Breakout
sosa rl grime,Breakout
rl grime secondary,Breakout
love sosa lyrics,Breakout
rl grime diplo,+900%
rl grime tour,+700%
rl grime pockets,+600%
rl grime halloween,+450%
rl grime seattle,+400%
rl grime chicago,+400%
rl services co,+350%
baauer,+350%
rl grime mix,+350%
clockwork rl grime,+350%
clockwork,+300%
rl grimes,+300%
rl services company,+300%
rl grime,+300%
rl grime concert,+250%
satisfaction,+250%
rl grime remix,+200%
rl grime satisfaction,+200%
soundcloud rl grime,+200%
crestron rl,+200%
trap music,+170%
