msi wind pc,Breakout
msi wind review,Breakout
msi u100,Breakout
eee pc,Breakout
netbook,Breakout
msi netbook,Breakout
msi wind netbook,Breakout
msi wind u100,Breakout
aspire one,Breakout
acer aspire one,Breakout
msi wind laptop,Breakout
msi p45,Breakout
buy msi wind,Breakout
asus eee pc,Breakout
msi wind notebook,Breakout
msi wind battery,Breakout
msi wind,Breakout
dell mini,Breakout
msi wind osx,Breakout
msi wind reviews,Breakout
msi wind forum,Breakout
eee pc 901,Breakout
lenovo s10,Breakout
asus 1000h,Breakout
msi u120,Breakout
