aep va outages,+550%
aep outages wv,+500%
wsaz,+300%
aep lancaster ohio,+300%
aep newark ohio,+300%
aep lynchburg va,+250%
aep outage number,+200%
aep power outages,+200%
aep outages,+190%
aep ohio outage,+170%
aep rate increase,+160%
aep ohio outages,+160%
aep power outage,+140%
aep outage,+130%
aep outage map,+120%
aep beckley wv,+110%
aep charleston wv,+100%
aep report outage,+100%
aep wheeling wv,+90%
aep wv,+90%
aep athens ohio,+90%
10tv,+90%
aep ohio login,+80%
sep,+80%
aep lima ohio,+80%
