el telefono lyrics,+1,950%
hector el father,+1,550%
layla el,+1,350%
become el presidente,+1,300%
el rey ruins,+350%
expedition el,+300%
la jornada,+300%
tito el bambino,+200%
randel el,+200%
el corito.com,+150%
el telefono,+150%
viva el birdos,+130%
randle el,+120%
el vacilon.com,+120%
antwaan randle el,+110%
el corito,+90%
don omar,+90%
el universal.com.mx,+90%
el cantante,+90%
esmas,+80%
periodico el tiempo,+70%
el extra,+70%
periodico el universal,+70%
el economista,+70%
periodico el zocalo,+70%
