7800 gt,Breakout
geforce 7800 gt,Breakout
7800 gt review,Breakout
carrera gt crash,+4,550%
2007 gt 500,+3,150%
gt legends,+2,850%
2006 gt 500,+2,150%
dragonball gt transformation,+1,750%
2006 eclipse gt,+950%
2006 mustang,+900%
06 mustang gt,+850%
2006 ford gt,+800%
gt trends,+600%
asics gt 2100,+600%
2006 mustang gt,+550%
boss gt 8,+350%
2007 camaro,+350%
gt 4 cheats,+300%
fia gt,+300%
streamer gt,+250%
nvidia 6600 gt,+200%
pontiac solstice,+190%
6600 gt,+180%
geforce 6600 gt,+180%
nvidia,+90%
