oye mi canto,Breakout
nina sky,Breakout
nina sky lyrics,Breakout
south haven, mi,Breakout
allen park, mi,Breakout
charlevoix, mi,Breakout
fook mi,Breakout
mackinac island, mi,Breakout
mi lai,+4,950%
mi gente.com,+4,450%
allegan, mi,+3,900%
st. ignace, mi,+3,900%
copper harbor, mi,+2,550%
crystal mountain, mi,+1,950%
mi banco popular,+1,650%
mi reap,+1,600%
mi swaco,+1,600%
caseville mi,+1,400%
silver lake, mi,+1,400%
mi caballo mago,+1,000%
km to mi,+250%
sterling heights mi,+200%
frankenmuth mi,+190%
farmington hills, mi,+180%
southfield mi,+180%
