ati x800,Breakout
ati radeon x800,Breakout
ati x300,Breakout
ati x800 xt,Breakout
ati x800 pro,Breakout
ati radeon x300,Breakout
pci express,Breakout
ati x600,Breakout
geforce 6800,Breakout
ati x800xt,Breakout
ati x800 review,Breakout
ati x700,Breakout
ati radeon x600,Breakout
ati radeon 9550,Breakout
ati ruby,Breakout
ati beta drivers,Breakout
ati catalyst 4.9,Breakout
ati x850,Breakout
ati radeon 9250,Breakout
atitool,Breakout
ati e-home wonder,Breakout
ati firegl v3100,Breakout
cli.exe,Breakout
ati radeon x300se,Breakout
radeon 9800 pro,+150%
