bob whitfield,Breakout
ed boesen,+4,600%
ed hardy perfume,+4,250%
ed hartwell wikipedia,+3,550%
ed hochuli email,+1,950%
ed stanley band,+1,750%
ed hardy cologne,+1,500%
ed hardy swimwear,+1,450%
ed hartwell,+1,150%
chuck bass,+850%
ed hardy purses,+850%
ed werder,+750%
ed genson,+700%
co ed confidential,+500%
ed hardy handbags,+500%
ed westwick,+500%
ed hardy dresses,+400%
ed hardy bags,+400%
smet,+400%
chace crawford,+350%
ed hardy outlet,+350%
tech ed 2008,+300%
betsey johnson,+300%
ed hochuli,+300%
coogi,+300%
