howie mandel,Breakout
frank caliendo,Breakout
mel b agt,Breakout
america got talent,Breakout
heidi klum,Breakout
agt judges,Breakout
mel gibson jacked,Breakout
jodie foster speech,Breakout
mel watt confirmation,Breakout
expendables 3,+3,300%
americas got talent,+2,050%
mel brooks pbs,+2,050%
nick cannon,+2,000%
mel gibson 2013,+1,400%
mel gibson ripped,+1,000%
mel gibson buff,+1,000%
mel gibson muscle,+850%
mel kiper retiring,+800%
mathil mel poonai,+750%
mel smith dead,+700%
mel gibson steroids,+650%
jodie foster,+600%
mel b hot,+600%
mel weinberg,+500%
howard stern,+500%
