flu shots 2009,+2,050%
cvs flu vaccine,+1,250%
walmart store locator,+350%
flu shot clinics,+350%
cvs flu clinics,+350%
walgreens flu shots,+300%
cvs weekly ad,+250%
walgreens weekly ad,+200%
cvs caremark pharmacy,+200%
flu shot cvs,+180%
flu shot,+170%
walgreens clinic,+170%
cvs corporate headquarters,+150%
cvs flu shots,+150%
cvs ad,+140%
flu shots,+140%
cvs learnet.com,+130%
rite aid circular,+120%
walgreens locations,+110%
cvs minute clinic,+110%
caremark,+110%
caremark cvs,+110%
cvs amherst ma,+100%
minute clinic,+90%
cvs pharmacy locations,+90%
