fifa 2005,Breakout
ea sports fantasy,Breakout
ea sports big,Breakout
ea spouse,Breakout
call of duty,Breakout
ea tiburon,Breakout
madden 2005,+650%
mvp 2004,+550%
ncaa 2005,+500%
battlefield vietnam,+400%
ncaa football 2005,+350%
battlefield vietnam ea,+200%
ea sport,+200%
ea jobs,+180%
ea fight night,+170%
nba live 2005,+150%
ea sports baseball,+140%
ea support,+140%
mvp baseball 2004,+120%
ea sports,+110%
ea sports cricket,+110%
xbox,+100%
ea sports.com,+80%
ea sports games,+80%
electronic arts,+80%
