alex len maryland,Breakout
olexiy len,Breakout
chubby checker,Breakout
len fogge,Breakout
bronte pen name,Breakout
alex len eligibility,+3,900%
len dykstra arrested,+3,350%
len lesser,+1,450%
len sassaman,+950%
alex len,+550%
len bentley,+500%
seinfeld,+500%
uncle leo,+450%
len goodman wife,+350%
maksim chmerkovskiy,+300%
lenscrafters,+250%
len penzo,+190%
rick and len,+180%
len append,+170%
len lesser imdb,+160%
len bias highlights,+150%
len bias biography,+150%
len lesser wiki,+150%
uncle leo seinfeld,+140%
lenovo,+130%
