gta online jp,Breakout
gta jp,Breakout
gta 5 jp,Breakout
gta v jp,Breakout
jp custom kicks,+4,400%
desiree hartsock,+4,200%
washington heights,+3,550%
sean and catherine,+2,050%
jp macura,+1,100%
jp washington heights,+1,050%
jp shark tank,+850%
jp kelso,+800%
jp morgan fine,+700%
jp crawford,+650%
ucard jp morgan,+350%
jp centre yoga,+300%
jp coles,+300%
jp crickets,+250%
bukhara jp,+250%
jp morgan settlement,+250%
jp bombers,+200%
jp licks locations,+200%
jp howell,+180%
pso2 jp,+150%
jp wisers,+140%
