mas malo downtown,+3,850%
mas malo restaurant,+3,150%
zacarias ferreira,+2,800%
mas la grillade,+2,000%
ramajay mas 2011,+950%
no mas pantalones,+950%
pegate mas,+700%
la mas pikuda,+650%
spice mas 2011,+650%
homies no mas,+600%
ricky martin mas,+550%
titulares y mas,+550%
tacos y mas,+550%
ricky martin,+500%
mas lottery,+450%
somos mas americanos,+400%
la caixa,+400%
mas islamic,+350%
mas tacos nashville,+350%
blog del narco,+350%
como viajo,+300%
mas malo,+300%
poquito mas,+200%
mass,+150%
lo mas nuevo,+90%
