ilet mini hal,Breakout
hal sparks charmageddon,Breakout
hal turner trial,+3,650%
birch of alaska,+1,750%
congressman hal rogers,+1,750%
hal holbrook death,+1,550%
hal aneh,+1,200%
hal reach,+900%
90210,+650%
dixie carter,+600%
hal heiner,+550%
shallow hal imdb,+350%
hal daume,+350%
choufli hal,+350%
shallow hal cast,+250%
hal lindsey divorce,+200%
hal sparks twitter,+190%
gwyneth paltrow,+190%
hal holbrook,+180%
manon von gerkan,+160%
shallow hal soundtrack,+150%
half marathon training,+150%
hal halbrook,+140%
hal and oates,+130%
hal steinbrenner,+110%
