innistrad,Breakout
mtg innistrad,Breakout
innistrad spoiler,Breakout
mtg innistrad spoiler,Breakout
m12 spoiler mtg,Breakout
m12 spoiler,Breakout
innistrad spoilers,Breakout
mtg innistrad spoilers,Breakout
mtg spoilers innistrad,Breakout
dark ascension spoiler,Breakout
innistrad visual spoiler,Breakout
mtg modern format,Breakout
mtg bloodthirst,Breakout
m12 spoilers,Breakout
mtg hexproof,Breakout
mtg werewolf deck,Breakout
mtg modern decks,Breakout
m12,Breakout
dismember mtg,Breakout
new phyrexia,Breakout
m12 mtg,Breakout
mtg 2012,Breakout
mtg new phyrexia,Breakout
new phyrexia spoiler,+4,100%
magic 2012,+3,950%
