itt tech locations,+450%
itt tech employment,+150%
lackland itt,+140%
itt gilfillan,+130%
itt tech portal,+120%
itt tech reviews,+100%
itt systems careers,+90%
itt corporation jobs,+90%
itt tech houston,+90%
itt tech email,+90%
student portal,+80%
itt portal,+80%
student portal itt,+80%
itt employment,+70%
itt tech jobs,+70%
itt electronic systems,+60%
what is itt,+60%
everest college,+60%
camp pendleton itt,+60%
itt tech tuition,+60%
online schools,+50%
itt tech online,+50%
itt standard,+50%
itt tickets,+50%
itt corporation,+40%
