gm closing list,Breakout
cash for clunkers,Breakout
gm dealer closings,Breakout
closing gm dealerships,Breakout
gm dealer closing,Breakout
gm closure list,Breakout
gm dealership closures,Breakout
gm dealers closing,Breakout
gm dealer list,Breakout
gm dealership closings,Breakout
gm dealership closing,+4,550%
gm bondholders,+4,500%
gm reinvention,+4,450%
gm segway,+2,250%
gm puma,+1,750%
gm dealer closures,+1,300%
gm closings,+900%
gm closures,+850%
gm bankruptcy news,+800%
gm terrain,+750%
gm dealer news,+700%
gm dealership locator,+700%
gm dealerships,+600%
gm restructuring plan,+450%
gm bankruptcy,+400%
